"","V1","V2","V3","V4","V5","V6","V7","V8","V9","V10","V11","V12","V13","V14","V15","V16","V17","V18","V19","V20","V21","V22","V23","V24","V25","V26","V27","V28","V29","V30","V31","V32","V33","V34","V35","V36","V37","V38","V39","V40","V41","V42","V43","V44","V45","V46","V47","V48","V49","V50","V51","V52","V53","V54","V55","V56","V57","V58","V59","V60","V61","V62","V63","V64","V65","V66","V67","V68","V69","V70","V71","V72","V73","V74","V75","V76","V77","V78","V79","V80","V81","V82","V83","V84","V85","V86","V87","V88","V89","V90","V91","V92","V93","V94","V95","V96","V97","V98","V99","V100"
"1",0,0,0,0.0206267160272659,0,0,0,0,0,0,9.30756721325303e-05,0.0536724490897583,0,3.89542239577331,0,0,0,0,0,0.0300713081729204,0,0.00249904560870676,8.94657816270793,0,0.287168177673344,0,83.015182008135,0,0,0,0,0,0,0,0,0,0,0,0,0,0,0,0,0.0205647507216697,0,0,0,0,0,0,0,0.000630714411311989,0,0,0,0,0,3.41755731693483,0,0,0,0,0,0,0,0,0,0,0,0,0,0,0,0,0,0,0,0,0,0.244770068798072,0,0,0,0,0,0,0,0,0,0,0,0.0651611923068293,0,0,2.61796694990432e-06,0,0,0,0,0
"2",0,0,0,0,0,0,42.1693324495831,0,0,0,0,0,0,0,0,0,0,0,0,0,0,0,0,0,0,0,0,0,0,0,0.000218110409702015,0,0,1.82585452341208,0,0,0.00222287695366956,0,0,0,1.68962822344047,0,0,0,0,0,0.0356196939894192,0.166987376472808,0,0,0,0,0.0330382359815448,0,0,0,0,0,0.0295728467471977,0.000159153711036771,0,0,0,0,1.14695314196356e-07,0,0,0,0,0,0,0,0,0,0,0,0,0.997528196830364,43.6759440444752,0,0,0,0,0,0,0,0,9.37339182707402,0,0.000502326224101313,0,0,0,0,0,0,0,0,0,0
"3",0,0.000453069606969794,0,0,0,0,0,0,0,0,0,0,0,0,0,0,0,0,0,0,0,0,0,0,0,0,0,0,0,0,0,0,0,0,0,0.0286452699978698,0,0,0,53.4954625554801,0,0,0,0,0,0,0,0,0,0,0,0,0,0,0,0,0,0,0,0,0,0.878983046081964,0,0,0,0,0,0,0,0,0,0,0,0,0,0,0,0,0,0,0,0,0,0,0,0,45.5964560588331,0,0,0,0,0,0,0,0,0,0,0,0,0
"4",0,0,0,0,0,0,0,0,0,0,0,0,0,0,0,0,0,0,0,0,0,0,0,0.00016449789797028,0,0,0,0.00453929982971436,0,0,0,0,9.08132575965644,0,0,0,0,0,0,75.2763659275671,0,0,0,0,0,0,0,0,0,0,0,0,0,0.0241740250121603,0,0,0,0,0,0,0.0642962514692587,0.0245978666689185,0,0,0,0,0,0,0,0,0.0129749948769162,0,0,0,0,0,0,0,0,0,1.17723499984636,0,0,0,0,0,0,0,14.3338451384511,0,0,0,0,0,0,0,0,2.64896694028498e-08,0.000481212234378726,0
"5",0,0,0,0,0,0,0,0,0,0,0,0,0,0,0,0,0,0,0,1.43457538789771e-10,0,0,0,0,0,0,0,0,0,0,0,0,0,0,0,17.0788551189168,0,0,0,0,0,0,0,0,0,0,0,0,0,0,0,0,0,0,0,0.168325934982903,0,0,0,0,0,0.443308681769094,0,0,0.0762151327266002,0,0,5.74804154219245e-05,0,0,0,0,57.3849330902754,0,0,0,0,0,7.28172838996414e-10,0,0,0,0,0,0,0,0,0,0,0,0,0,0,0,0,0,24.8483045600422,0,0,0
"6",0.552785909802118,4.38730834387448e-10,0,0,0,0,2.38869875493407,0,0,0,0,0,86.9290275201513,0,0,0,0,0,0,0,0,0,0,0,0,0,0,0,0,0,4.63624025933472e-06,0,0,4.77027439885326,0,0,1.55104071126523e-08,0,0.000254277363542395,0,0,0,0,0,0,0,2.42359855463229e-19,7.29188917024042e-06,0,0,0,0,0.00237821316781964,0,0,0,0,0,0,2.43887656148174,0,0,0,0.000371727149589103,2.42864076522831e-05,0,0,0,0,0,0,0,0,0,0,0,0,0.367378221985711,0,0,0,0,0,0,0,0,0,2.54990474969089,0,6.24452368818211e-06,0,0,0,0,0,0,7.19041008102932e-06,0,0,0
"7",0,0,0,0,0,0,0,0,0,0,0,0,0,0,0,0.0698710336146896,0,0,0,0,0.356607101757653,0,0,0,0,20.9453027628966,0,0,0,0,0,2.34177054755636,0,0,0,0,0,0,0,0,0,0,0,0,0,0,0,0,0,2.41602364851115,0,0,0,0,0,0,0,0,0,0,26.3258641224628,0,0,0,0,0,7.71205898456425e-08,0,0,0,0,0,0,0,0,0,0,0,0,0,0,0,0,38.9447722859713,0,0,0,0,0,0,0,0,0,8.38782937189542,0,0,0,0.211959048213449,0,0
"8",0.00102895586482843,0,0,0,0,0,0,0,0,0,0,0,0,0,0,0,0,0,0,0.063378598445121,0,0,0.216676903920846,0,0,0,0,0,0,0,0,18.7961829295417,0,0,0,0,0,0,0.516722675799018,0.323113694533424,0,0,0,0,0,0,0,0,0,0,0,25.5763825291058,0,2.96574405649311e-10,0,0,0.111498257069417,3.45742626234886,0.137946736299722,0,0,0,0,0,0,0,0,0,0,0,0,0,43.1978173831947,0,0,0,0,0,0,0,0,0,0,0,0,7.59815591099992,0,0,0,0,0,0.00366916258004127,0,0,0,0,0,0,0,0
"9",0,0,0,0,0,0,0,0.214271111839476,0,0,0,0,0,97.0823871277846,0,0,0,0,0,4.62233233188374e-07,0,0.00840452326376937,0.715861145503611,0,0,0,0,0,0,0,0,0,0,0,0,0,0,0.00122987336087736,0,0,0,0,0,0,0,0,0,0,0,0,0,0,0,0,0,0,0,1.91993535018593,0,0,0,0,0,0,0,0,0,0,0,0,0,0,0,0,0,0,0,0,0,0,0,0,0,0,0,0,0,0,0,0,0,0,0,0,0.0579104058284975,0,0,0,0,0
"10",0,0,0,0,0,0,0,0,0,0,0,0,0,0.829288172415664,0,1.77848530651452e-05,0,0,0,0.00370445144513986,0,0,9.35015879929752e-06,0,0,10.9705959976748,0,0,0,0.0154028467199769,0,10.2028980565384,0,0,0,0,0,0,0,0,0,0,0,0,0,0,0,0,0,0,0,55.2536325013572,0,0,0,0,2.57882728116011,8.15139145260919,0,0,0.274701933912676,0,0,0,0,0,0,0,0,0,0,0,0,0.000106776178408529,0.148742197198007,0,0,0,0,0,0,0,0,0,0.00382690482659207,11.5664473445959,0,0,0,0,0,0.000406948356018964,0,0,0,0,0,0,0,0
"11",0.0472017782664676,0,0,0.357745936433452,0,0,0,0,0,0,0,0,0,0,0,0,0,0,0,0.000243178992077226,0,0,1.21768808543656e-08,0,0,2.60808975246558e-07,0,0,0,0,0,3.68772433024151,0,0,0,0.162773023215643,0,0,0,46.5787404111412,0,0,0,0,0,0,0,0,0,0,0,0,0,0,0,0,0,0,0,0,4.97041292234423,0.0451658408311166,0,0,0.0150301978354769,0,0,2.49872073928784e-08,0,0,0,0,44.133547091392,0,0,0,0,0.000788376985602344,0,0,0,0,0,0,0,0,1.25214780355035e-12,0,0,0,0,0.00062661434685479,0,0,0,0,0,0,0,0
"12",0,0,0,0,5.55203524177763e-05,0.882710079656794,0,0,0,0.0756373712264203,0,0,0,0,0,0,0,0,0,0,0,0,0,0,0,0.555815939454473,0,0,0,0,0,0,0,0,0,0,0,0,0,23.9790411473611,0,0,0.00346331296706104,0,0,0,0,0,0,0,0,0,0,8.89711396969917e-05,0,0,68.7465440697224,0,0,0,3.25030674559821e-06,0,0,0,0,0,0,0,0,0,5.16994440276504,1.45026360973538e-07,0.410097387463334,0,0,4.53703114379798e-08,0,0,0,0,0,0,0,0,0,1.29707684628807e-07,1.69281225966849e-05,0,0.0984019966587118,0,0.078179302698858,0,0,0,0,0,0,0,0,0
"13",0,0.00470093966438979,0,0,0,0,0.102566360308731,0,0,0,0,0,0.741788292382636,0,0,0,0,2.26305377263475e-06,3.58068970171017e-07,0,0,0,0,0,0,0,0,0,0,0,4.84311988143223e-08,0,0,0,0.452051284003956,0,0.00109570398946446,0,0,0,0,0.0173454484249361,0,0,0,0,3.18079646018681,0,0,0,51.4554692160529,0,0.0384546299811244,0,0,0,0,0,17.2158101064861,0,0,0,0,0,0,0,0,0,8.28512244742377,0.0421736490409099,0,0.00629135481335051,0,0,0,0,0,16.8107258726004,0,0,0,0,0,0,0,0,0,0,0,1.64560556508654,0,0,0,0,0,0,0,0,0,0
"14",0.207251049365173,5.07331827015976e-05,0,0,0,0,0,0,0,0,0,0,0,0,0,0,0,0,0,0,0,0,0,0,0,0,0,0,0,0,3.9320048864501e-06,0,0,81.9181947454515,0,0,0,0,0,0,0,0,0,0,0,0,0,0,0,0,0,0,0,0,0,0.0407790996571898,0,0,0,8.70309511479609,4.85098005231341e-06,0,0,0,0.0340075813088643,0,0,0,0,0,0,0,9.09301750780743,0,0,0,0,0.00251932022578529,0.00107606522029632,0,0,0,0,0,0,0,0,0,0,0,0,0,0,0,0,0,0,0,0,0
"15",0,0,0,0,0,0,0,0,0,0,0,0,0,0,0,0,0,0,0,0,0,0,0,0,0,78.0716731723041,0,0,0,0.0136897312816859,0,0.574954037928556,0,0,0,0,0,0,0,0.709131203003913,0,0,5.47518354492616e-05,0,0,0,0,0,0,0.00590248272124,0,0,0,0,0,0,0,0,0,0,17.0120896609892,0,0,0,0,0,0,0,0,0,0,0,0.000890187373470125,0.00182715580201012,0,0,0,0,0,0,0,0,0,0.00685980236016239,0,0.375162698275412,0,0,0,0,0,0,0,3.22776511612483,0,0,0,0,0,0
"16",2.2575778274203,0,0,0,0,0,0,0,0,0,0,0,0,0,0,0,0,0,0,0,0,0,0,0,0,0,0,0,0,0,2.53901135606212e-16,0,0,5.47322713836976,0,0,0,0,0.0459245025416942,0,0,0,0,0,0,0,0,0,0,0,0,0,0.00214986677419658,0,0,0.0193226549272019,0,0,0.00704202911837726,0,1.20336718722394e-06,0,0,0.334839608518292,0.00391637934595277,0.00364793667384066,0,0,0,0,0,0,87.2158689093929,0,0,0,0,1.48487657595001,0.00040855651156333,0,0,0,0,0,0,0,0,3.14754097682158,0,4.02190156812926e-07,0,0,0,0,0,0,0.00365543207704919,0,0,0
"17",0,0,0,0,0,0,0,0,0,0,0,0.0137140733909801,0,1.8422910247669e-05,0,2.98915890159496e-07,0,0,0,0,0,80.0112701632255,0,0,0,0,5.59046308574266,0,8.03343173278408e-07,0,0,0,0,0,0,0,0,0,0,0,0,0,0,0,0,0,0,0,0,0,0,8.64171694552623,0,0,0,0,0,5.51048529350157,0,0,0,0,0,0,0,0,0,0,0,0,0,0,0,4.5047366071708e-09,0,0,0,0,0,0,0,0,0,0,0,0.221676061207315,0,0,0,0,0,4.38983017148099e-06,0,0,0,0,0,0,0,0.0106504579015107
"18",1.90392575905698e-09,0,0,1.66850302363102,0,0,0,5.01740878455686e-06,0,0,0,0,0,0,0,0,0,0,0,0,0,0,78.6858988400911,0,0,0,0,0,0,0,0,0,0,0,0,0,0,0.000764733811438449,0,0,0,0,0,0,0,0,0,0,0,0,0,0.0398140070559851,1.63853993698186e-08,0,0,13.8595630393458,0,5.30972952095857,0,0,0,0,0,0,0.00472421299778805,0.358486982191858,0,0,0,0,0,0,0,4.43481008391664e-18,0,0,0,1.29024059858905e-06,0,0,0,0,0.0219569954844293,0,0,0,0,0,0,0,0,0.0505523184933751,0,0,0,0,0,0,0,0
"19",0,0,0,0,3.6613654672201e-05,80.9963225860362,0,0,0,0,0,0,0,0,0,0,0,0,0,0,0,0,0,0,0,0,0,0,0,0,0,0,0,0,0,0,0,0,0,0,0,0,3.22747379648924e-08,0,1.17739742646701e-12,0,0,0,0,0,0,0,0,0,0.0010972677158971,0,0.0616337116903663,0,0,0,0,0,0,0,0,0,0,0,0,0,0,0,0,0,0,1.48168165548392,0,0,0,0,0,0,0,0,0,0,0,0,0,0,17.3396141616083,0,0,0,0,0.117611772742864,0,0,0.00200219879181463,0
"20",3.59115693443101e-06,0,0,0.114529141745707,0,0,0,0,0,0,0.418725640543383,0,0,0,0,0,0,0,0,0.0818451580271211,0,0,17.0497515262334,0,14.5264720507794,0,0.127740485992041,0,0,0,0,0,0,58.2130573407934,0,0,0,2.35825462240703e-05,0,0,0,0,0,0.00264161224530079,0,0,0,0,0.000366463012128795,0,0,9.50745858473595e-06,1.26290397890277e-05,0,0,5.24478296366672,0,0.219998836834349,0,0,0,0,0,0,0.000121134401363658,0.528184811193028,0,0,0,0,0,0,0,0,0,0,0,0.0307904124547006,0,0,0,0,3.43684254472826,0,0,0,0,0,0,0,0,0.00410056714818941,0,0,0,0,0,0,0,0
"21",0.377122907207224,0.0034744925703198,0,0,0,0,0,0,0,0,0,0,82.7523515190908,0,0,0,0,0,0,0,0,0,0,0,0,0,0,0,0,0,0,0,0,0,0,0,0,0,0.0197892142588384,9.0188503066465,0,0,0,0,0,0,0,0,0,0,0,0,0,0,0,0,0,0,0.215107333890812,0.520256727691264,2.70518952093362e-06,0.289380140896063,0,6.77167289711865,5.34281114107375e-14,0,0,0,0,0,0,0,0,0,0,0,0,0.0311485725721222,0,0,0,0,0,0,0,0,0,0.000283660359581891,0,0.000559522508308216,0,0,0,0,0,0,0,0,0,0
"22",0,0,0,0,0,0,0,0,0,0,0,0,0,0,0,0,0,0,0,0,0,0,0,0,0,0.00699673761184819,0,0,0,0,0,0,0,0,0,0,0,0,0,0,0,0,0.167081557784253,0,4.00013965291024e-09,0,0,0,0,0.107556294800554,0,0,0,0,0,0,0,0,0,0,11.9647188290969,0,0,0,0,0,0,0,0,0,74.8646011222224,0,0,8.48441148975086e-06,0.00398824481260434,0,0,0,0,0,0,0,0,11.1677173779353,0,0,0,0,0,0,1.67956438147729,0,0,0,0,0,0,0,0.0377669658472971,0
"23",0,0,0,0,0,0,0,0,0,0,0,0,0,0,0,0,0,0,0,0,0,0,0,0,0,0.81746326430939,0,0,0,0,0,0,0,0,0,0,0,0,0,89.564804469147,0,0,3.59650994112143e-06,0,0,0,0,0,0,0.000104407732135226,0,0,0,0.00815635446780473,0,0,0,0,0,0,2.5462713492974,0,0,0,0,0,0,0,0,0,0.699970205910859,0,6.10203279997315,0,0,0,0,0,0,0,0.207718479334955,0,0,0,0,0.00417905289689017,0.0478079713321433,0,0,0,0,0,0,0,0,0,0,0.000677816711450927,0.000810232376933535,0
"24",0,0,0,0,0,0,0,0,0,0,0,0,0,0,0,0,0,0,0,0,0,0,0,0,0,2.06664376866642,0,0,0,0.688731336229424,0,0,0,0,0,0,0,0,0,0,0,0,0.00109952478471808,0,0.499123235136618,0,0,0,0,1.45159608885915,0,0,0,0,0,0,0,0,0,0,2.55908309326341,0,0,0,0,0,0,0,0,0,92.7330132869179,0,0,0.000709666142399439,0,0,0,0,0,0,0,0,0,0,0,0,0,0,0,0,0,0,0,0,0,0,0,0,0,0
"25",0,0,0,0,0,0,0,0,0,0,5.95947082409295,33.00142220607,0,0,0,0,0,0,0,0.228959669054971,0,0,4.15481791984026,0,0,0,19.6036321189574,0,0,0,0,0,0,0,0,0,0,0,0,0,0,0,0,6.42869780584405e-05,0,0,0,0,0,0,0,0,6.88965184056982,0,0,0,0,1.14475730219773,0,0,0,0,0,0,0,27.00831416148,0,0,0,0,0,0,0,0,0,0,0,0.00399944139204812,0,0,0,0,1.99157625343436,0,0,0,0,0,0,0,0,0.0133339759323316,0,0,0,0,0,0,0,0
"26",5.23709209930647e-05,0,0,0.0777168425411546,0,0,0,0,0,0,1.6117318102059e-07,0,7.67747361668833,0,0,0,0,0,0,8.54041983970296e-06,0,0,0,0,0,0,0,0,0,0,0,0.00854319496003362,0,91.9456798154311,0,0,0,0,0,0,0,0,0,0,0,0,0,0,0,0,0,0,0,0,0,0,0,0,0,1.09195842646315e-05,0,0,0,0,0.0324605457087547,0,0,3.48668252115954e-10,0,0,0,0,0,0,0,0,0,0,0,0,0,0,0,0,0,0,0,1.010440006935e-06,0,0,0,0,0,0,0,0,0.258052981783701,0,0,0
"27",0,0,0,0,0,0,0,0,0,0,0,3.29788495048657,0,0,0,0,0,0,0.000736942021219944,0,0,0,0,0,0,0.000608489869098337,0,0,50.470002769801,0,0,0,0,0,0,0,0,0,0.0139176507211111,0,0,0,0,0,0,0,0,0,0,0,0,27.4249244765215,0,0,0,0,0,0,0,0,0,0,0,0,0,0,0,0,0,0,0,0.000198389876935036,0,0,5.45426804645142e-06,0,0,0,0,0,0,0,0,0,0,18.7917208764345,0,0,0,0,0,0,0,0,0,0,0,0,0,0
"28",0,0,0,0,0,0,0,0,0,0,0,0.00420620355201219,0,93.4965361899478,0,0.000429891465973986,0,0,0,0.00660334594840471,0,0.0235433498955549,3.03704590434183,0,0,0,1.07256211004957,0,0,0,0,0,0,0,0,0,0,0,0,0,0,0,0,0.00527958113692715,0,0,0,0,0,0,0,0.534560350151284,0,0,0,0,0,1.79280660124064,0,0,0,0,0,0,0,0,0,0,0,0,0,0,0,1.09106940879667e-05,0,0,0,0,0,0,0,0,0,0,0,0,0,0,0,0,0,0.0263940906199209,0,0,2.14709560119137e-05,0,0,0,0,0
"29",0,0,0,0,2.37314930643529e-07,0.000563154511532635,0,0,0,0,0,0,0,0,0,0,0,0,0,0,0,0,0,0,0,0,0,1.76100803485507e-08,0,0,0,0,0.00110274271438322,0,0,0,0,0,0,82.5671203835634,0,0,0,0,0,0,0,0,0,0,0,0,0,0.0823243669581845,0,0,0.0423777763510398,0,0,0,0.0594722044764656,0.0118597941224322,0,0,0,0,0,0,0,0,0.0145104403519486,0,0.0694133334893038,0,0,0,0,0,0,0,15.4091409832811,0,0,0,0,0,1.18124803465394,0,0.465948258154397,0,8.53161078701127e-10,0,0,0.0390348947342625,0,0,0,0,0.0558833768594005,0
"30",0,0,0,0,0,0,0,0,0,0,0,1.94888885780704,0,0.0659006755322126,0,0,0,0,0,0.384247955237811,0,0,0,0,0,0.00610303813630498,0.0272926376837478,0,0,0,0,0,0,0,0,0,0,0,0,0,0,0,0,0,0,0,0,0,0,0,0,76.2148883871231,0.0245217664104307,0,0,0,0,20.6234737936948,0,0,0,0,0,0,0,0.704495148868338,0,0,0,0,0,0,0,0,0.000187739506238642,0,0,0,0,0,0,0,0,0,0,0,0,0,0,0,0,0,0,0,0,0,0,0,0,0
"31",0,0,0,1.2452243881035e-06,0,0,0,0,0,0,0,0,0,0,0,0,0,0,0,1.59670523997851e-05,0,0,0,0,5.98416324891971,0,0,0,0,0,2.31852526668625e-06,0,0,89.600679911449,0,0,0,0,0,0,0,0,0,0,0,0,0,0,0,0,0,0,0,0,0,3.88645693885258,0,0,0,0,0,0,0,0,4.96550301369204e-12,2.59374492355579e-09,0,0,0,0,0,0,0,0,0,0,0,0,0,0,0,0,0.30583732505833,0,0,0,0,0.22284304231966,0,0,0,0,0,0,0,0,0,0,0,0
"32",0,0,0,0.00521849660940938,0,0,0,0,0,0,0,0,0,0,0,4.62412197146253,0,0,0,4.42803823837621e-06,1.44812081939439e-09,0,0,0,0,49.7418891185536,0,0,0,0.353503500924676,0,1.09554508835878,0,0,0,0,0,0,0,0,0,0,0,0,0,0,0,0,0,0,0,31.4389072631082,0,0,0,0,0,10.6598663873846,0,0,1.15306513682505,0,0,0,0,0,0,0,0,0,0,0,0,0,0.922352533416927,0,0,0,0,0,0,0,0,0,0,0.00172657090553176,0,0,0,0,0,0.00379950296433759,0,0,0,0,0,0,0,0
"33",0,0,0,0,0,0,0,0,0.0904508286316624,0,0,0,0,0,0,0.0528449347304966,0,0,0,0,0,82.3900037476537,0,0,0,0,0,0,0,0,0,1.89272343020668e-06,0,0,0,0,0,0,0,0,0,0,0,0,0,0,0,0,0,0,0,7.52896529382131,0,0,0,0,0,0.58827673512637,0,0,0,0,0,0,0,0,0,0,0,0,0,0,0,0,0,0,0,0,0,0,0,7.7014163435623,0,0,0,1.64804022375078,0,0,0,0,0,0,0,0,0,0,0,0,0,0
"34",0,5.42330404312419e-14,0,0,0,0,0,0,0,0,0,0,26.8863369628449,0,0,0,0,0,0,5.69251473150204e-06,0,0,0,0,0,0,0,0,0.00871721431734218,0,0,0,0,0,0,0,0,0,0.0127083532676791,38.8556307157496,0,0,0,0,0,0,0,0,0,0,0,0,0,0.0736042740010573,0,0,0,0,1.05881031532453,0,0.000179791777070171,0.00466727935148139,0,1.01377682726943,0,0,0,0,0,0,0,2.59294483654558e-06,32.0825246360484,0,0,0,0,0.00252193277220957,0,0,0,0,0,0,0,5.58338837990843e-05,0,1.35921224315931e-07,0,0.000457442011600917,0,0,0,0,0,0,0,0,0,0
"35",1.29210775146828,0,0,0,0,0,0,0,0,0,0,0,31.8077873586678,0,0,0,0,0,0,0.0015396631209076,0,0,0,0,0,0,0,0,0.00547794807388954,0,0,9.92051048943257e-12,0,0,0,0,0,0,0.321506104972022,0.0286507741172312,0,0,0,0,0,0,0,0,0,0,0,0,0,0,0,0,0,0,6.26146781397732,0,0.00074002426417112,1.26788910119888e-05,0,0.203957478538534,0,7.37240411287275e-07,0,0,2.89903744459527e-07,0,0,1.58064533919991e-06,58.993173639501,0,0,0,0,1.073914102621,0,0,0,0,0,0,0,0.0019705200046015,0,0,0,0.0076915339828445,0,0,0,0,0,0,0,0,0,0
"36",0,0,0,0,1.25501630179826e-06,0,0,0,0,0.316716496210391,0,0,0,0,0,0,0,0,0,0,0,0,0,0,0,0,0,0,0,0.214926341496731,0,0,0,0,0,0,0,0,0,0,0,0,0,0,0,0,0,0,0,0,0,0,0,0,0,0,82.2803281814959,0,0,0,0,0,0,0,0,0,0,0,0,0,0.558047940286826,0,0,0,0.114554284383443,0,0,0,0,0,0,0,0,0,7.6037758868692,1.90689097874532,0,0,0,0,0,0,0,0,0,7.00475863549593,0,0,0,0
"37",0.0339242622126518,0,0,0.275682722549187,0,0,0,0,0,0,0,0,25.485386046233,0,0,0,0,0,0,0.00358668973835042,0,0,0,0,0,0,0,0,0,0,9.69194048140762e-09,0.192842822117187,0,36.4502449516591,0,0,0,0,0,0,0,0,0,1.65232156830251e-05,0,0,0,0,0,0,0,0,0,0,0,37.5579561930444,0,0,0,0,0,0,0,0,0,0,0,0,0,0,0,0,4.55131530951982e-08,0,0,0,0,0.000291493223862029,0,0,0,0,0,0,0,0,0,0,0,0,0,1.29892094573808e-05,0,0,0,0,5.52515920068971e-05,0,0,0
"38",0,0,0,0,0,0,0,0,0.00104952049606562,0,0,0,0,0,0,0,0,0,0,0.00194953309937988,0,0,0,0,0,0.000941403881455408,0,0,48.1021146967217,0.0128552424448981,0,0,0,0,0,0,0,0,5.76114753950378e-08,0,0,0,0,0,0,0,0,0,0,0,0,0,0,0,0,0,0,0.0361043945177306,0,0,0,0,0,0,0,0,0,0,0,0,0,0,0,0,0.273016581945928,0,0,0,0,0,0,0,0,0,1.43324325044325e-05,51.5719542368488,0,0,0,0,0,0,0,0,0,0,0,0,0,0
"39",0,0,0,0,0,0,0,0,0,0,0,0,0,0,0,0,0,0,0,0,0,0,0,1.45171715564524e-05,0,0,0,0.003507925176697,0,0,0,0,0,0,0,0,0,0,0,0,0,0,1.48183181584991e-07,0,5.9509432830705e-08,0,0,0,0,0.0245166832543606,0,0,0,0,0,0,0,0,0,0,0.00663937457599084,0,0,0,0,0,0.00647084259352682,0,0,0,0.0169233098916415,0,0,0,0,0,0,0,0,0,0,0,0,4.92952894775006,0,0,0,0,53.1997412609541,0,0,0,0,15.3844157736458,0,0,0,26.4282411572936,0,0
"40",1.88381139975428e-05,0,0,0,1.05846134389131e-06,0,0,0,0,0,0,0,0,0,0.000433497188396449,0,0,0,0,0,0,0,0,0,0,0,0,0,0,0,0,0,0,0,0,0,0,0,0,0,0,56.2016166700153,0,0,0,0,0,0,0,0,0,0,0,8.26076934354478,0,0,0,0,0,0,0,0,0,34.1695254029499,0,0,0,0,0,0.791527862708929,0,0.575000526525331,0,0,0,0,0,0,0,0,0.000468759489588704,0,0,0,0,0.00059451976819526,0,0,0,0,0,0,4.35212341954607e-05,0,0,0,0,0,0,0
"41",0,0,0,0,0,0,0,0,0,0,0,3.62701263749627,0.000711616235070375,0,0,0,0,0,0,1.51197425469333,0,0,6.36258320703621,0,0,0,0,0,0,0,0,0,0,9.02041405325618e-08,0,0,0,0,1.97463657745842,0,0,0,0,0.000463345848152735,0,0,0,0,0,0,0,69.9321630090131,1.18118888880693,0,0,0,0,6.7800494666636,0.845421002956966,0,2.63778936160232e-10,0,0,0,0,3.40836034850437,0,0,0,0,0,0,0,0,0,0,0,0.0646423080371212,0,0,0,0,0,0,0,4.29473775351006,0,0,0,0,0,0.0160554932724347,0,0,0,0,0,0,0,0
"42",0,0,0,0.0811608219072989,0,0,0,0.0843308899701873,0,0,0,0,0,1.36002518250691,0,0,0,0,0,0.000628701562688406,0,0,0,0,0,0,96.84499511103,0,0,0,0,0,0,0,0,0,0,0.5141367533825,0,0,0,0,0,0,0,0,0,0,0,0,0,0,0,0,0,0,0,0.984762884330236,0,0,0,0,0,0,0,0,0,0,0,0,0,0,0,0,0,0,0,0,0,2.05515915509239e-06,0,0,0,0,0,0,0,0,0,0,0,0.0472448848570226,0,0,0.0827127152939718,0,0,0,0,0
"43",0,0,0,0,0,0,0,0.0164957535719101,0,0,0.00171942053426876,0,0,0,0,0,0,0,0,0,0,0,26.1574347378362,0,0.0202652206070346,0,2.82396000232212,0,0,0,0,0,0,0,0,0,0,0.135528765799215,0,0,0,0,0,0.0121579262627352,0,0,0,0,0,0,0,0,0,0,0,70.577417180254,0,0.253874007353009,0,0,0,0,0,0,0.000485959720468904,0,0,0,0,0,0,0,0,0,0,0,0,0,0,0,0,0,0.000661025739013332,0,0,0,0,0,0,0,0,0,0,0,0,0,0,0,0,0
"44",1.12009365399517e-06,0,0,0,0,0,0,0,0,0,0,0,0,0,0,0,0,0,0,0,0,0,0,0,0,0.369129058319776,3.54126608114742e-08,0,0,0,0,0,0,0,0,0,0,0,0.375359459357567,0,0,0,0,0,0,0,0,0,0,0,0,85.2120192417377,0.00914639779507715,0,0,0,0,3.31497667575469,0.0571884090942636,0,0.00975073286993814,0,0,0,0,0.134358972705017,0,0,0,0,0,7.85428957079233e-13,10.5180442295081,0,0,0,0,2.5667350735902e-05,0,0,0,0,0,0,0,0,0,0,0,0,0,0,0,0,0,0,0,0,0,0
"45",0,0,0,0,0,0,0,0,0,0,0,0,0,0,0,0,0,0,0,0,0.182165851582221,0,0,0,0,39.5024002356211,0,0,0,0,0,7.1888769466411,0,0,0,0,0,0,0,0,0,0,0,0,1.23734023893026e-11,0,0,0,0,0.830632212373057,0,0,0,0,0,0,0,0,0,0,20.9829388050987,0,0,0,0,0,0,0,0,0,0,0,0,0.0899629783493393,0,0,0,0,0,0,0,0,0,29.6322738663525,0,0,0,0,0,0,0,0,0,1.59054750779296,0,0,0,0.000201596176636763,0,0
"46",0.0200231198228011,0,0,0.465739044482185,0,0,0,0,0,0,0,0,0,0,0,0,0,0,0,0.00143294611540355,0,0,0.0119323177762505,0,0,0.00261909285792006,0,0,0,0,0,10.6421178551135,0,0,0,0.0811145917869534,0,0,0,18.1945362406794,0,0,0,0,0,0,0,0,0,0,0,0,0,0,0,0.000101206420389632,0,0.381445783402646,0,0,0,0.0131961495159166,0,0,0.0194192047818032,0,0,2.82916958003875e-08,0,0,0,0,70.1642519847965,0,0,0,0,0.00207043415668718,0,0,0,0,0,0,0,0,0,0,0,0,0,0,0,0,0,0,0,0,0,0
"47",0,0.00027416810757372,0,0,3.18945124439343e-11,0,0,0,0,0,0,0,0,0,0,0,0,0,0,0,0,0,0,0,0,0,0,1.75632302494688e-10,0,0,0,0,0.0158883410213572,0,0,0,0,0,0,0,0,0,0,0,0,0,0,0,0,0,0,0,0,1.32696279431018,0,0,0,0,0,0.00238938604631012,0.00470038287534777,1.2516379738667,0,0,0,0,0,0,0,0,0,0,7.44906502349229,0,0,0,0,0,0,0,73.3371461613965,0,0,0,0,0,16.4760787065418,0,0,0,0,0,0,0,0,0,0,0,0.135857062134372,0
"48",8.02774600223424e-17,0,0,0,0,0,0,0,0,0,2.47263643831477e-05,0,0.838006334751443,0,0,0,0,0,0,0,0,0,0,0,0,0,0,0,0,0,5.38312757713003e-08,0,0,46.419088114868,0,0,0,0,0,0,0,0,0,0,0,0,0,0,0,0,0,0,0,0,0,52.7042218606741,0,0,0,0,0,0,0,0,0,0,0,0,0,0,0,0,0,0,0,0,0,0,0,0,0,0,0.0241616683959266,0,0,0,0,1.08065620420711e-05,0,0,0,0,0,0,0,0,0.0144864345529148,0,0,0
"49",3.39247061009184,0,0,0,0,0,0.280309065091514,0,0,0,0,0,89.2523507726536,0,0,0,0,0,0,0,0,0,0,0,0,0,0,0,0,0,4.31044039330491e-06,0,0,0,0,0,0.0439427059976451,0,0.061944352156299,0,0,0,0,0,0,0,0.578142635897095,0,0,0,1.35727012438057,0,0.0560431424989233,0,0,0,0,0,0,0,0,0,0,0.00214500790774349,0,0,0,0,0,0,0,7.4292956031942e-09,0.263981404562098,0,0,0,0,4.69358154183732,0,0,0,0,0,0,0,0,0,0.0178143190556678,0,0,0,0,0,0,0,0,0,0,0,0
"50",0,0.120323304421933,0,0,0,0,0,0,0,0,0,0,0,0,7.92574914882063e-05,0,0,0,0,0,0,0,0,0,0,0,0,0,0,0,0,0,0,0,0,0,0,0,0,82.9874156968287,0,0,0,0,0,0,0,0,0,0,0,0,0,1.96889500317344,0,0,0,0,0,0,0,0.00922100483519924,0,0.203366414824953,0,0,0,0,0,0,0,0,0,0,0,0,0,0,0,0,0,0,0,0,0,0,14.7106992708741,0,0,0,0,0,0,0,0,0,0,0,4.75502123722865e-08,0
"51",0,0,0,0,1.2236259304383e-08,0,0,0,0,0,0,0,0,0,0.0917906308818781,0,0,0,0,0,0,0,0,0,0,0,0,0,0,0,0,0,0,0,0,0,0,0,0,0,0,0,0,0,0,0,0,0,0,0,0,0,0,0,0,0,0,0,0,0,0,0,0,0,0,0,0,0,0,0,0,8.70665530577144e-07,0,0,0,0,0,0,0,0,99.7977500995323,0,0,0,0,0,0,0,0,0,0,0,0.00117798852743878,0,0,0,0,0,0.109280398156632,0
"52",0,0,0,0.0849430083693078,0,0,0,0.000225484604217883,0,0,0,0,0,7.342520628203,0,0,0,0,0,0,0,0,0,0,0,57.5347949742946,0,0,0,0.0187532994181503,0,32.2230999631001,0,0,0,0,0,0,0.000178460071416578,4.66288817783435e-07,0,0,0,0,0,0,0,0,0,0.00381508151322737,0,0,0,0,0,0,0,2.77060022432786,0,0,0,0,0,0,7.55354141085699e-06,0,0,0,0,0,0,0,0,0.0127670770664133,0.00829377920148644,0,0,0,0,0,0,0,0,0,0,0,0,0,0,0,0,0,0,0,0,0,0,0,0,0
"53",0,0,0,0,0.000175141934502007,0,0,0,0,0.000141124280465434,0,0,0,0,0,0,0,0,0,0,0,0,0,0,0,1.81108551428344e-05,0,0,0,0,0,0,0,0,0,0,0,0,0,0,0,0,0,0,0,0,0,0,0,0,0,0,0,0,0,0,5.53120345158259,0,0,0,0,0,0,0,0,0,0,0,0,3.10094427613259e-06,0.639102136185713,0.00113368141424424,9.65966228052545,0,0,0,0,0,0,0,76.0221933745141,0,0,0,0,0.673098800831518,7.47326879693198,0,0,0,0,0,0,0,0,0,0,0,0,0
"54",1.37934580435175,0,0,0,0,0,0,0,0,0,0,3.75046109640864,0.472617365176913,0,0,0,0,1.44915583804521e-06,0,0.176221791687311,0,0,0,0,0,0.0152064453386393,0,0,0,0,0,0,0,0,0,0,1.77014257328952e-08,0,1.55511236115185,0,0,0.0153696168744866,0,0,0,0,0,0,0,0,0,71.8597490575064,0.240466412212353,0,0,0,0,1.46733236632112,14.3541211066069,0,0,0,0,0,0,2.43698899752598,0,0,0,0.00038647187209603,0,0.0147277215896949,0,0,0,0,0,2.26189191851862,0,0,0,0,0,0,0,0,0,0,0,0,0,0,0,0,0,0,0,0,0,0
"55",0,0,0,1.50070439851566e-05,0,0,0,0,0,0,0,0.0560019476342457,0,0,0,0.098614354328275,0,0,0,0,0,55.9438712683353,0.33068979827346,0,0,0,20.2306354227825,0,0,0,0,0.00580818277528997,0,0,0,0,0,0,0,0,0,0,0,0,0,0,0,0,0,0,0,0,0,0,0,0,0,23.1362565937773,0,0,0,0,0,0,0,0,0,0,0,0,0,0,0,0,0,0,0,0,0,0,0,0,0,0,0,0.198107425049627,0,0,0,0,0,0,0,0,0,0,0,0,0,0
"56",0,0,0,0,0,0,0,0,0,0,0,0,0,0,0.0429869407662576,0,0,0,0,0,0,0,0,0,0,0,0,0,0,0,0,0,0,0,0,0,0,0,0,2.3715040760576e-05,0,0,0,0,0,0,0,0,0,0,0,0,0,0.370932300196586,0,0,0,0,0,0,0,0,0,0,0,0,0,0,0,0,0,0,0,0,0,0,0,0,0,0,99.525331036014,0,0,0,0,0,0,0,0,0,0,0,0.000229325375155955,0,0,0,0,0,0.0604966826072397,0
"57",0.485402439974259,0.0147738120911879,0,0,0,0,0,0,0,0,0,0,82.7845599440118,0,0,0,0,0,0,0,0,0,0,0,0,0,0,0,0,0,0,0,0,0,0,0,0,0,0.0185760218990762,0.395928800528042,0,0,0,0,0,0,0,0,0,0,0.0870920301903096,0,0,1.2640392139949e-06,0,0,0,0,0.689009968892248,0.000791831868858579,0,0,0,0,0,0,0,0,0,0,0,0,15.1130368795782,0,0,0,0,0.38677508778796,0,0,0,0,0,0,0,0,0,0.0127134300437382,0,0.0113384890950803,0,0,0,0,0,0,0,0,0,0
"58",0.0240059577941845,0,0,0,0,0,0,0,0,0,0,0.754774461183437,0.00468992517914696,0,0,0,0,0,6.19941353646112e-05,0,0,0,0,0,0,0.034071953728836,0,0,7.30274636994231,0,0,0,0,0,0,0,0,0,0.662975302408154,0,0,0,0,0,0,0,0,0,0,0,0,74.0765885961872,0.0340738360807844,0,0,0,0,1.02861823256117,1.17306469204778,0,0,0,0,0,0,0.907661415114367,0,0,0,0,0,0.00174418529438601,0,0,0,0,0,0.0233480091951554,0,0,0,0,0,0,0,13.9715750691477,0,0,0,0,0,0,0,0,0,0,0,0,0,0
"59",0.000231514799829714,0,0,0,0,0,0,0,0,0,0.000605860762246461,0,2.31182087154693,0,0,0,0,0,0,0,0,0,0,0,0.00854625491917763,0,0,0,0,0,0,0,0,94.5822185862283,0,0,0,0,0,0,0.0669593157093115,0,0,0,0,0.00189665120008833,0,0.0727955528703611,0,0,0,0,0,0,0,0,0,0,0,0,0,0,0,0,0,3.59151936820461e-12,0,0,0,0,0,0,0,0,0,0,0,0,0.00624958393643775,0,0,0,0,0,0,0,0,2.94867580754207,0,0,0,0,0,0,0,0,4.81630661788132e-10,0,0,0
"60",0,0,17.7045511215079,0,9.96683419917483e-08,11.5368687715206,0,0,0,0.144910092965479,0,0,0,0,0,0,0,0,0,0,0,0,0,0,0,0,0,0,0,0.0528882266964454,0,0,0,0,0,0,0,0,0,0,0,0,1.13310966177259e-05,0,0.0927555492105843,0,0,0,0,0,0,0,0,0,0.220899160784648,0,0.0194908988013634,0,0,0,0,0,0,0,0,0,0,0,0,0,3.00784453139364,0,0,0,0,5.3943682591049,0,0,0,0,0,0,0,1.23189723186967e-05,1.71958925775286,0,0,0,0,0,59.1943036585091,0,0,0,0,0.91150672201528,0,0,0,0
"61",0,0,0,0,0,0,0,0,0.000315529585113905,0,0,0,0,0,0,0,0,0,0,0.000254568102286009,0,0,0,0,0,0,0,0,0,0.00988223553183922,0,0,0,0,0,0,0,0,0,0,0,0,0,0,0,0,0,0,0,0,0,93.8636498280094,0,0,0,0,5.87353629604624,0,0,0,0,0,0,0,0,0,0,0,0,0,0,0.000193739190260366,0,0,0.25216780353482,0,0,0,0,0,0,0,0,0,0,0,0,0,0,0,0,0,0,0,0,0,0,0,0,0
"62",0,0,0,0.000203894445418128,0,0,0,0,0,0,0,0,0,0,0,0,0,0,0,0.353945039863469,0,0,4.1315575020186,0,0,0.0579758719926938,0,0,0,0,0,23.5119825470335,0,0.030011117818375,0,0,0,0,0,0.000282170834395408,0,0,0,2.67018573200308e-07,0,0,0,0,0,0,0,0,0,0,0,0,0,1.10810490336557,1.0562528656688,0,0,0,0,0,2.95331191370586e-07,0.00128908191798993,0,0,0,0,0,0,69.7434056182856,0,0,0,0,0,0,0,0,0,0,0,0,0,0,0,0,0,0,0.00498882440578222,0,0,0,0,0,0,0,0
"63",1.7909262563671e-08,0,0,0,0,0,0,0,0,0,0,0,2.01295207462775,0,0,0,0,0,0,0,0,0,0,0,0,0,0,0,0,0,0,0,0,0,0,22.6525574612243,0,0,0,49.0611916824589,0,0,0,0,0,0,0,0,0,0,0,0,0,0,0,0,0,0,0,11.276734330076,0,14.9370590788044,0,0,0,0,8.02672715469123e-08,2.10336005988686e-05,0,0,0,0,0,0,0,0,3.54928862465981e-09,0,0,0,0,0,0,0,0,0,0.00772314691938491,0,0,0,0,0,0,0,0,0,0.0517610905628428,0,0,0
"64",0,0.0315566110519773,0,0,0,0,0,0,0,0,0,0,1.91228051662575,0,0,0,0,0,0,0,0,0,0,0,0,0,0,0,0,0,0,0,0,0,0,0,0,0,0,44.0363260641451,0,0,0,0,0,0,0,0,0,0,0.134799094604685,0,0,0.178154299566338,0,0,0,0,0.000224034711550267,0,0,0.000293651873089782,0,36.230309017554,0,0,0,0,0,0,0,1.58140810799307e-05,17.2351278220166,0,0,0,0,0,0,0,0,0,0,0,0,0,0.240913073769862,0,0,0,0,0,0,0,0,0,0,0,0,0
"65",0,0,0,0,0,0,0,0,0,0,0,0.963184025277315,0,0.133819921465147,0,0,0,0,0,0.369795920169979,0,0,0.00325013378834801,0,0,0.0127530069805107,0.0192057269390675,0,0,0,0,3.90649903124832,0,0,0,0,0,0,0.0157354527206049,0,0,0,0,0,0,0,0,0,0,0,0,64.8707127864317,0.039847563667477,0,0,0,0,15.067162212943,0,0,0.000788708227968909,0,0,0,0,0.922335785938732,0,0,0,0,0,0,0,6.08079332996738e-05,0.000176019028747683,0,0,0,0,0,0,0,0,0,0,13.6726482494932,0,0,0,0,0,0.00202464774659111,0,0,0,0,0,0,0,0
"66",0,0.00043188217638712,0,0,0,0,0,0,0,0,0,0,0,0,0.0256521344172019,0,0,0,0,0,0,0,0,0,0,0,0,0,0,0,0,0,0,0,0,0,0,0,0,0,0,0,0,0,0,0,0,0,0,0,0,0,0,0.548205133616958,0,0,0,0,0,0,0,0,0,0.395875913168011,0,0,0,0,0,0,0,2.48206045515967e-09,0,0,0,0,0,0,0,0,98.9558767156369,0,0,0,0,0,0.00258031098049,0,0,0,0,0,6.87054958675941e-05,0,0,0,0,0,0.0713092020261318,0
"67",0,0,0,0,1.38094949114208e-15,0,0,0,0,0,0,0,0,0,0,0,0,0,0,0,0,0,0,0,0,0,0,0,0,0,0,0,6.91261290593479e-07,0,0,0,0,0,0,84.2811454085188,0,0,0,0,0,0,0,0,0,0,0,0,0,0.251651850364282,0,0,0,0,0,6.82930566616622e-05,0,0.0513820056071397,0,1.60402024386484,0,0,0,0,0,0,0,0,4.37094380040852,0,0,0,0,0,0,0,9.4260925207394,0,0,0,0,0,0,0,0,0,0,0,0,0,0,0,0,0,0.0146951861791062,0
"68",0,0,0,0,0,0,0,0,0,0,7.4866361237574e-07,0,0,0.222230869997865,0,0,0,0,0,0,0,0.101371658393154,0.0915760503690216,0,0.489690208382725,0,94.047461143544,0,0,0,0,0,0,0,0,0,0,0,0,0,0,0,0,1.33088910744138e-15,0,0,0,0,0,0,0,0,0,0,0,0,0,2.10196456106578,0,0,0,0,0,0,0,0,0,0,0,0,0,0,0,0,0,0,0,0,0,2.93738283464161,0,0,0,0,0,0,0,0,0,0,0,0.00831946146684719,0,0,0,0,0,0,0,2.46347542650174e-06
"69",5.50165419163248e-07,0,0,0,0,0,0,0,0,0,2.31617242948322e-05,0,20.9252340811102,0,0,0,0,0,0,0,0,0,0,0,0,0,0,0,0,0,2.78295337922493e-06,0,0,0,0,0,0,0,0,0,24.8751026412196,0,0,0,0,0.434972956975957,0,3.20131946308068,0,0,0,0,0,0,0,0,0,0,0,0,0,0,0,0,0,0,0,0,0,0,0,0,0,0,0,0,0,0,13.1471609204663,0,0,0,0.715960823035675,0,0,0,0,36.7002226192685,0,0,0,0,0,0,0,0,0,0,0,0
"70",0,0,0,7.28100661263453e-05,0,0,0,0,0,0,1.09532147144841,1.69856698586304,0,0,0,0,0,0,0,0,0,0,0,0,90.7522366788589,0,0,0,0,0,0,0,0,0.0775091063368878,0,0,0,0,0.0129906582651866,0,0,0,0,0.00125634341531376,0,0,0,0,0,0,0,0,0,0,0,0,0,0.216103264796571,0,0,0,0,0,0,1.01490162614067e-08,5.72369837010204,0,0,0,0,0,0,0,0,0,0,0,0.000978398365097454,0,0,0,0,0.421265902333396,0,0,0,0,0,0,0,0,0,0,0,0,0,0,0,0,0
"71",0,0,0,0.132042407666226,0,0,0,0,0,0,0,0,0,0,0,0.931594141848598,0,0,0,0,0.100961283888307,0,0,0,0,84.4105001047912,0,0,0,0,0,7.92351098704864,0,0,0,0,0,0,0,0,0,0,0,0,0,0,0,0,0,0.0488257489403519,0,0.000239314029868349,0,0,0,0,0,0,0,0,6.18817127722085,0,0,0,0,0,0,0,0,0,0,0,0,0.263983562738293,0,0,0,0,0,0,0,0,0,0,0,0,0,0,0,0,0,0.000171171827715047,0,0,0,0,0,0,0,0
"72",0,0,0,1.81017533989717e-10,0,0,0,0,0,0,0,0,0,0.403460594382123,0,0,0,0,0,0,0,0,0,0,0,60.0381867861365,0,0,0,0.00913390112700569,0,26.7337170773325,0,0,0,0,0,0,0,1.17707653729493,0,0,0,0,0,0,0,0,0,0.00094959785433602,0,3.27140133908821,0,0,0,0,2.08924978557667e-08,0.529482270466619,0,0,7.00839354974653,0,0,0,0,0,0,0,0,0,0.00128442555942411,0,0.0130832489681475,0.00179840346232178,0.00209522682176707,0,0,0,0,0,0,0,0,0,0,0.809934698366654,0,0,0,0,0,2.32231939993259e-06,0,0,0,0,0,0,0,0
"73",0,0,0,0,0,0,0,0,0,0,0,0,0.0631934490968072,0,0,0,0,0,0,0,0,0,0,0,0,0,0,0,0,0,0,1.09674335954108,0,0,0,0.0542107010685888,0,0,0,64.3930175061284,0,0,0,0,0,0,0,0,0,0,0,0,0,0,0,0,0,0,0,0,2.10296543455769,0.0331655566116232,0,0,1.21658914045013e-05,0,7.6494189668125e-06,4.96375035615931e-09,0,0,0.0366635425827439,0,31.8197328090091,0,0,0,0,0,0,0,0,0,0,0,0,0,0.396849612353583,0,0,0,0,0,0,0.00343820877630928,0,0,0,0,0,0
"74",0,0,0,0.000435821592025589,0,0,0,0,0,0,0,0.343629490177072,0,0.549692129275031,0,0,0,0,0,0,0,24.7965361481952,0.734359466296196,0,0,0,72.1058469199308,0,0,0,0,0,0,0,0,0,0,0,0,0,0,0,0,0,0,0,0,0,0,0,0,0,0,0,0,0,0,1.46950002453371,0,0,0,0,0,0,0,0,0,0,0,0,0,0,0,0,0,0,0,0,0,0,0,0,0,0,0,0,0,0,0,0,0,0,0,0,0,0,0,0,0,0
"75",0,0,0,0.287266493144178,0,0,0,0,0,0,0,0,0.0131425782924295,0,0,0,0,0,0,0.00023534926502887,0,0,3.69554743634742,0,90.3574540631246,0,0,0,0,0,1.45733515799662e-06,0,0,0,0,0,0,0,0,0,0,0,0,9.9026530864984e-08,0,0,0,0,0,0,0,0,0,0,0,0,0,4.09848073188688e-11,0,0,0,0,0,0,2.6279473568883e-05,0,0,0,0,0,0,0,0,0,0,0,0,0,0,0,0,0,5.64632624224146,0,0,0,0,0,0,0,0,1.70865836887152e-09,0,0,0,0,0,0,0,0
"76",0,0,0,0,0,0,0,0,0,0,0,0,0,0,0,0,0,0,0,0,0,0,0,0,0,11.7197948668179,0,0,0,0,0,15.4694950716004,0,0,0,0,0,0,0,61.5258099387092,0,0,0,0,0,0,0,0,0,0,0,0,0,0,0,0,0.885150409589927,0.260111873883981,6.07641203805166e-08,0,1.63104642941869,0,0,0,0,0,0,0,0,0,0.00012910808239864,0,4.73794290953938,6.71676472716559e-07,0,0,0,0,0,0,0,0,0,0,0,3.77017618314046,0.000341206856065686,0,0,0,0,1.26992101422638e-06,0,0,0,0,0,0,0,0
"77",0.0485503287112438,0,0,0.0930299072394414,0,0,0,0,0,0,0,0,0,0,0,0,0,0,0,1.12601478267619e-06,0,0,0,0,0,0,0,0,0,0,0,0,0,0,0,0.148675465719703,0,0,0,36.9084238193384,0,0,0,0,0,0,0,0,0,0,0,0,0,0,0,0,0,6.24880176398386e-05,0,0,1.52577990015036,0.577983287222466,0,0,0.0081268469606661,0,0,7.92559014966966e-08,0,0,0,0,60.6876881831796,0,0,0,0,0.000368757041776067,0,0,0,0,0,0,0,0,0,0,0,0,0,1.96685669051701e-06,0,0,0,0,0.00130784429131895,0,0,0
"78",0.0399591233235067,0,0,0,0,0,0,0,0,0,8.05557502071342,0,12.1651151094375,0,0,0,0,0,0,2.57551507869213,0,0,0.0478914678070254,0,0,0,0.127085656174468,0,0,0,0,0,0,0,0,0,0.00102739942931289,0,2.228879290146,0,0,0,0,0,0,0,0,0,0.00538125447369293,0,0,0.273276984867969,42.8894982863731,0,0,0,0,1.40569333245726,3.40241291289266e-05,0,0,0,0,0,0,0,0,0,0,0,0,0,0,0,0,0,0,7.07300199748045,0,0,0,0,23.105538342854,0,0,0,0,0,0,0,0,0.00624988660406984,0,0,0,0,0,0,0,0.00027774503699305
"79",0,6.75021182849413e-05,0,0,3.52429184233729e-12,0,0,0,0,0,0,0,0,0,0,0,0,0,0,0,0,0,0,0,0,0,0,2.04295382580395e-05,0,0,0,0,0.0447889201097884,0,0,0,0,0,0,61.899243846163,0,0,0,0,0,0,0,0,0,0,0,0,0,0.655425973210198,0,0,0,0,0,0,0,0,0,0.0531162698100676,0,0,0,0,0,0,0,0,0.10015702894961,0,0,0,0,0,0,0,27.2617313421,0,0,0,0,0,9.9592450523681,0,0,0,0,0,0,0,0,0,0,0,0.0262036356292664,0
"80",0,0,0,0,0,0,0,0,0.758753926411724,0,0,0.257869906452727,0,0,0,0.00154621038431512,0,0,0,0,0,79.6960386710352,0,0,0,0,0,0,0.0333173873209786,0,0,0,0,0,0,0,0,0,0,0,0,0,0,0,0,0,0,0,0,0,0,15.9241348249061,0,0,0,0,0,1.79536985644828,0,0,0,0,0,0,0,0,0,0,0,0,0,0,0,0,0,0,0,0,0,3.54183545771008e-10,0,0,0,0,0,1.53276619624523,0,0,0,0,0,0,0,0,0,0,0,0,0,0.000203020441338396
"81",0,0,0,0,5.9407906791444e-05,0,0,0,0,0.0234423105902612,0,0,0,0,0,0,0,0,0,0,0,0,0,0,0,75.7268290059881,0,0,0,0.198762515593818,0,0,0,0,0,0,0,0,0,0,0,0,0,0,7.05746468143898e-11,0,0,0,0,0,0,0,0,0,0,0,0,0,0,0,0.0301878208067119,0,0,0,0,0,0,0,0,0,22.6819252809933,1.10463686135672e-09,0,2.7407479936669e-06,0.220590991180783,0,0,0,0,0,0,0,0,1.09514662964656,3.03930817906325e-07,0,0,0,0,0,0,0,0,3.57803639895624e-09,0,0.019599455201156,0,0,0.00345353266047319,0
"82",0,0,0,2.76049613265679e-07,0,0,0,0,0,0,0,0.00181718444958113,0,1.56413099078893,0,0,0,0,0,0,0,0,0.0384771899803799,0,0,0,96.0364076753581,0,0,0,0,0,0,0,0,0,0,0,0,0,0,0,0,0.0312292567054494,0,0,0,0,0,0,0,0,0,0,0,0,0,0,0,0,0,0,0,0,0,0,0,0,0,0,0,0,0,0,0,0,0,0,0,2.27357124583198,0,0,0,0,0,0,0,0,0,0,0,0.0543661808359298,0,0,0,0,0,0,0,0
"83",0,0,0,0,0,0,0,0,0,2.09739387878818e-09,0,0,0,0,0,0,0,0,0,0,0,0,0,0,0,13.187111522113,0,0,1.43898315548454,0,0,6.298612638968,0,0,0,0,0,0,0,0,0,0,0,0,0,0,0,0,0,0,0,26.716119557515,0,0,0,0,0,0,0.0439895100987836,0,0,0,0,0,0,0,0,0,0,0,0.00016091219787667,0,52.2261696594919,0,0,0,0,0,0,0,0,0,0,0,0,0,0.0874571652260529,0,0,0,0,0,0,0,0,0.0013958768074249,0,0,0,0
"84",0.00826757255366858,0,0,0,0,0,0,0,0,0,0,39.7388642817852,0,0,0,0,0.00228971686710607,0,15.3466425544358,0.0169343022014945,0,0,0,0,0,0,0,0,6.97615256496172,0,1.81601401857128e-06,0,0,0,0,0,1.97055718061312,0,0.281008611680109,0,0,0,0,0,0,0,0,0,0.040241339870309,0,0,0,14.4622435133625,0,0,0,0,0.000590160266726991,0,0,0,0,0,0,0,14.7868092314427,0,0,0,0,0,0,0,0,0,0,0,6.36939715394555,0,0,0,0,0,0,0,0,0,0,0,0,0,0,0,0,0,0,0,0,0,0
"85",0,0,0,0,0,0,0,0.155485147311623,0,0,0,0,0,93.5427702843534,0,0.000972272434133007,0,0,0,0.0020011366625616,0,0,3.14903058754797,0,0,0,0.678782862058592,0,0,0,0,0.104573423520275,0,0,0,0,0,0,0,0,0,0,0,0,0,0,0,0,0,0,0,3.34251755846086e-08,0,0,0,0,0,2.33344225360008,0,0,0,0,0,0,0,0,0,0,0,0,0,0,0,2.500012706869e-05,0,0,0,0,0,0,0,0,0,0,0,0,0,0,0,0,0,0.0308981034888141,0,0,0.00201889547033247,0,0,0,0,0
"86",0,0,0,0,0,0,0,0,0,0,0,0,0,0,0,0,0,0,0,0,0,0,0,0,0,1.65545682292288,0,0,0,0,0,0,0.0876032687806096,0,0,0.000337428814082314,0,0,0,53.8464428925281,0,0,0,0,0,0,0,0,0,0.0179084020301279,0,0,0,0,0,0,0,0,0,0,5.28779804171062,0,0,0,0,0,0.0721013175092798,0,0,0,0.00129213616663996,0,2.12467568756949,4.53962980042992e-07,0,0,0,0,0,0,0,0,0,0,0,0,0.00427421966236037,0,0.000319514484762928,0,0,0,0,36.9017898138581,0,0,0,0,0,0
"87",0,0,0,0,0,0,0,0,0,0,0,0,0,0,0,0,0,0,0,0,0,0,0,0,0,1.49088634652507e-09,0,0,0,0,0,0.00509173255018556,4.47092544272712e-06,0,0,0,0,0,0,87.3111281134242,0,0,3.64695671488531e-05,0,0,0,0,0,0,0,0,0,0,0.135948927174243,0,0,0,0,0,0,1.21785208991479,0.0556462110375165,0,0,0,0,0,0,0,0,0.0789731949022154,0,8.48490953920107,0,0,0,0,0,0,0,1.35809415091835,0,0,0,0,0,0,0,0,0,0,0,0,1.34533950560646,0,0,0,0,0.00697559328752396,0
"88",5.15896380483677,0,0,0,0,0,0,0,0,0,0,0,0,0,0,0,0,0,0,0,0,0,0,0,0,0,0,0,0,0,0,0,0,0,0,0,0,0,0.326927159739868,0.131287503142904,0,0,0,0,0,0,0,0,0,0,0.228677049188232,0,0,0,0,0,0,0,10.1059126271687,0,0,0.000195622432799708,0,22.8840226187303,0,1.33963933043474e-08,0,0,0,0,0,0,58.8828225417076,0,0,0,0,2.26959532554782,0,0,0,0,0,0,0,0,0,0.0115957341086651,0,0,0,0,0,0,0,0,0,0,0,0
"89",0.00317791223844608,0,0,0.000961111038803438,0,0,0,0,0,0,0,0,11.5183293118096,0,0,0,0,0,0,0,0,0,0,0,0,0,0,0,0,0,0,0,0,0,0,0.472178251554642,0,0,0,66.9755459249253,0,0,0,0,0,0,0,0,0,0,0,0,0,0,0,0,0,0,0,0,0.242017992103976,2.7059879673867,0,0,0.00196222461689831,0,0,0,0,0,0,0,17.987663436989,0,0,0,0,0,0,0,0,0,0,0,0,0,0.0921758673366879,0,0,0,0,0,0,0,0,0,0,0,0,0
"90",0,0,0,0,0,0,0,0,0,0,0,0,0.000190332334880947,0,0,0,0,0,0,0,0,0,0,0,0,0,0,0,0,0,0,0.0985656325280356,0,0,0,0.0249508606043677,0,0,0,73.4217333321979,0,0,1.35689103790737e-07,0,0,0,0,0,0,0,0,0,0,0,0,0,0,0,0,0,1.98617693290774,0.203547874857399,0,0,0,0,0.000206545145012087,4.79971461726744e-10,0,0,0.00480566201972815,0,23.7789255060819,0,0,0,0,0,0,0,0,0,0,0,0,0,0.37716338209715,0,0,0,0,0,0,0.103733575274469,0,0,0,2.27782298256853e-07,0,0
"91",0.148441714989909,0,0,0,0,0,0,0,0,0,0.00014932938524479,0,90.4122577891466,0,0,0,0,0,0,0,0,0,0,0,0,0,0,0,0,0,0.000269800287023627,0,0,0,0,0,1.99385993376332,0,0.0968855482813367,0,0,0,0,0,0,7.59834598362697e-05,0.00136332927368181,4.39681603466667e-09,0,0,8.54391588758193e-07,0,0,0,0,0,0,0,0.0852325801972898,0,0,0,0.00574006318573953,0,0,2.16632652162468e-07,0,0,2.7013505912165,0,0,0,0,0,0,0,0,3.19707157568033,0,0,0,0,0.545616482820968,0,0,0,0,0.77598672019196,0,0.0356974826991823,0,0,0,0,0,0,0,0,0,0
"92",0,0,0,0,0,0,0,7.34174754968143,0,0,0.000288359718487478,0,0,18.3118930076125,0,0,0,0,0,0.000267319279055575,0,0,34.992724169164,0,0,0,4.44901660675885,0,0,0,0,0.360198899142534,0,0,0,0,0,0.00155476368395879,0,0,0,0,0,0.0447062911889264,0,0,0,0,0,0,0,0,0,0,0,30.3025398776964,0,3.9664557718282,0,0,0,0,0,0,2.84477972765987e-06,0,0,0,0,0,0,0,0,0,0,0,0,0,0,0,0,0,0,0,0,0,0,0,0,0,0,0.228604539465923,0,0,0,0,0,0,0,0
"93",3.70422247361326e-09,0,0,0,0,0,0,0,0,0,0,0,0,0,0,0,0,0,0,1.81711348088813e-09,0,0,0,0,0,2.54648071789389,0,0,0,0,0,14.4158310074496,0,0,0,0,0,0,0.0016619299018134,56.6715865138413,0,0,0,0,0,0,0,0,0,3.89035592180202e-05,0,2.79001039118717,0,0.00371811497743029,0,0,0,0,0,0,0,0,0,0,1.65533204136791e-05,0,0,0,0,0,0,0,23.5690111069995,0,0,0,0,0,0,0,0,0,0,0,0,0,0.0014857436209875,0,0,0,0,0.000159011727369945,0,0,0,0,0,0,0,0
"94",0,0,0,0,0,0,0,0,0,0,0,0,0,0,0,0,0,0,0,0,0,0,0,0.021349058487378,0,0,0,0,0,0,0,0,0,0,0,1.43213059924143,0,0,0,16.6515013980506,0,0,0,0,0,0,0,0,0,0,0,0,0,0,0,0,0,0,0,0,3.65283903771929,0.00353751423379897,0,0,0,0,1.04201403637244,0,0,0,0,0,0.827816067337839,0,0,0,0,0,0,0,0,0,0,0,0,0,0,0,0.0085555688854352,0,0,0,0,72.9507978547705,0,0,0,3.40945886490134,0,0
"95",1.52869146161245,0,0,0,0,0,0,0,0,0,0.00113595864348764,30.6895941285912,0,0,0,0,0,0,0,1.35473445156513,0,0,0,0,0,0,0.0589952367835535,0,0.0101150542103672,0,0,0,0,0,0,0,5.16561644421686e-05,0,2.66996238200482,0,0,0,0,0,0,0,0,0,0,0,0,36.5916401774282,8.81427317314742,0,0,0,0,0.473675424540977,9.07851124811136,0,0,0,0,0,0,0,0,0,1.61452957734275e-06,0,0,4.13618528906152e-07,0,0,0,0,0,3.82863739594684,0,0,0,0,0.0264902583769436,0,0,4.87346512876058,0,0,0,0,0,0,0,0,0,0,0,0,0,2.48359641233169e-05
"96",0,0,0,0,0,0,0,0,0,0,0,0,0,7.89525195595691,0,0,0,0,0,7.82496218305763e-05,0,0,0,0,0,42.3635276961744,0,0,0,0.0332932548462863,0,16.1187003196476,0,0,0,0,0,0,1.55586284868318e-05,0,0,0,0,0,0,0,0,0,0,6.73829507081758e-06,0,24.980741288463,0,0,0,0,0.0896365503527899,3.7814515609552,0,0,4.63633697582802,0,0,0,0,0,0,0,0,0,0,0,0,0.002279578810677,0.0971497330603743,0,0,0,0,0,0,0,0,0,2.19122183175981e-08,0,0,0,0,0,0,0.00153051744704835,0,0,0,0,0,0,0,0
"97",0,0,0,7.06268869219473e-05,0,0,0,0,0,0,0,7.40703038801886,0,0,0,0,0,0,0,1.90516520270604,0,0,29.0340377653035,0,0,0,0.00473676363672893,0,0,0,5.99550352073975e-29,0.267422012809093,0,0.33444313547139,0,0,0,0,0,0,0,0,0,0.000606398032320968,0,0,0,0,0,0,0,20.6734128237163,5.09024893252043,0,0,0,0,0,3.59562196006715,0,0,0,0,0,0,26.705437386253,0,0,0.0169376516872253,0,0,0,0,0,0,0,0,4.23265153127546,0,0,0,0,0.255148520829796,0,0,0.475190010259222,0,0,0,0,0,0.00183889052652666,0,0,0,0,0,0,0,0
"98",0,0,0,0,0,0,0,0,0,0,0.15551618019385,0,0,2.04456432371788,0,0,0,0,0,0,0,0,1.56639049727457e-05,0,0,0,72.1993043586503,0,0,0,0,0.179564775731326,0,0,0,0,0,0,0.0285729030520042,0,0,0,0,0,0,0,0,0,0,0,0,0,0.788405946012963,0,0,0,0,0,0,0,0,0,0,0,0,24.5858066341993,0,0,0,0,0,0,0,1.04889823577077e-06,0,0,0,0,0,0.00655346772992767,0,0,0,0,0,0,0,0,0,0,0,0.0116946979092471,0,0,0,0,0,0,0,0
"99",0,0,0,0,0,0,0,0,0,0,0,0,0,2.09059755055326,0,0,0,0,0,2.79604167627981e-06,0,0,0,0,0,21.2503915337329,0,0,0,0.039404030492238,0,27.5454903032783,0,0,0,0,0,0,3.65007528615496e-07,0,0,0,0,0,0,0,0,0,0,0,0,11.1706767583394,0,0,0,0,8.57291843091943,1.63686384313409,0,0,0.984670697721556,0,0,0,0,0,0,0,0,0,0,0,0,0.000584850904736584,0.245265287268724,0,0,0,0,0,0,0,0,0,0,26.4627248434933,0,0,0,0,0,0.000408709112951018,0,0,0,0,0,0,0,0
"100",0,0,0,0,0,0,0,0,0,0,0,0,0,0,0,0,0,0,0,0,0,0,0,0,0,0.00117715840052568,0,0,0,0,0,0.00775722862637746,3.84876926322491e-10,0,0,0,0,0,0,92.53399712146,0,0,2.1477453112395e-05,0,0,0,0,0,0,0,0,0,0,0.0755332964799593,0,0,0.000740972432026223,0,0,0,0.676475197205665,0,0,0,0,0,0,0,0,0,0.159965079942346,0,4.18253633672349,0,0,0,0,0,0,0,1.9287392167788,0,0,0,0,0.0479578567537318,0.379356887723753,0,0,0,0,0,0,0,0,0,0,0.000402370646497829,0.00533979898882905,0
